date,MAB_ELE_PRO156,MAB_ELE_SHP156,MAB_ELE_SHP250,MAB_ELE_PRO392,MAB_ELE_SHP392,MAB_ELE_PRO756,MAB_ELE_SHP826,MAB_ELE_SHP840,RohiBASEMET1000_org,RohiMETMIN1000_org,RohiNATGAS1000_org,RohCOPPER1000_org,WKLWEUR840_org,PRI27380_org,PRI27276_org,PRO28756_org,PRO28392_org,PRO271000_org,PRO27756_org,PRO27392_org
2004-02-01,16.94070431693488,16.94070431693488,83.45886578230527,109.33401014137829,110.49527205298672,86.07449598964568,77.76636669726679,90.44274904045476,54.03981146876005,48.74794479501315,87.0769740759468,36.6238317853912,1.2646,93.02002716064452,93.23045349121094,96.1774805787466,110.89003378095128,91.39043951279632,68.67765668624116,106.16126189626532
2004-03-01,23.711852473663782,23.711852473663782,106.16819176580846,140.88461567399355,144.6861659979309,86.03825839055396,77.82922533427833,90.580356526989,54.66616223674554,49.25615688543675,87.1927045993136,39.93105527141333,1.2262,93.54026794433594,93.33567810058594,96.25092726848658,141.17685267910332,91.51149754643978,68.45254817181899,140.28874140734456
2004-04-01,24.435234972226496,24.435234972226496,92.00764649124648,105.85357863799392,102.65576888295656,85.99706252237172,77.9046421249641,90.75180458327485,54.872714764395944,49.42375066391505,91.3799233350361,39.134854143875366,1.1985,93.85242462158205,93.44090270996094,96.33021140740918,105.64876459622158,91.66678992885568,68.20389169589343,106.27119658098744
2004-05-01,23.708115041407584,23.708115041407584,85.69648588212209,101.8647770114048,100.30528501514456,85.95148269369362,77.99360639168127,90.9614255975377,51.230355564330154,46.468392296442154,99.0445198216908,36.27843349321599,1.2007,93.85242462158205,93.54612731933594,96.413549273025,101.99036082339268,91.86145715828316,67.93632197984913,101.60871032387782
2004-06-01,27.00913800703528,27.00913800703528,106.64148191270336,120.33291998099766,119.61637963779732,85.90264046965504,78.09699456108585,91.21320342402542,52.876330814111746,47.80391316626946,98.6362670386971,35.65738015671881,1.2138,93.95646667480467,93.44090270996094,96.49929052180948,122.13657530051456,92.10028938405252,67.6557336783076,116.6552481871705
2004-07-01,23.590959311166877,23.590959311166877,89.30278079985777,118.14054745987724,116.43894147432398,85.8523578040294,78.21557496870993,91.51057489828428,54.77182903787384,49.34189342258905,95.7755394481113,37.27291513891332,1.2266,94.0605239868164,93.44090270996094,96.58626423485548,118.88082469883824,92.3874652388336,67.36910232363277,116.63111453670186
2004-08-01,24.280597367158453,24.280597367158453,71.79896247173573,106.24377263369222,107.6157055858063,85.80330072980959,78.35002245115564,91.85625295856455,54.08759904401895,48.78671895281735,89.6498864360369,37.77277050406971,1.2176,94.26861572265624,93.44090270996094,96.67411260988436,109.8585836358753,92.72630692566172,67.08430084345711,98.87313572824094
2004-09-01,25.98919212764996,25.98919212764996,98.89681724762866,124.92918815354278,128.39123224517917,85.75909071802838,78.50094370311706,92.25209116662433,54.69556981620555,49.28001777648305,87.0469489391141,38.42002235079759,1.2218,94.37266540527344,93.54612731933594,96.76356614734496,129.96067077090171,93.11907296591993,66.80992881703797,114.66994321757088
2004-10-01,24.895962329857753,24.895962329857753,99.6037401782322,104.92228563250652,104.34352925050858,85.72436174230945,78.66891391444224,92.69900470247153,57.61093263233924,51.64550163450685,104.581038552452,39.97778523824326,1.249,94.5807647705078,93.54612731933594,96.85662131070276,108.5344103542749,93.56680644586612,66.55516187991903,97.5571260805188
2004-11-01,26.774785086737072,26.774785086737072,86.51116511366415,112.82851179546482,112.2737267395913,85.70474822851533,78.85452202316728,93.19695225047434,58.16713055653384,52.09679270684535,101.189309100254,41.44507434441099,1.2991,94.5807647705078,93.54612731933594,96.9565921530911,117.23088572695237,94.06925011615856,66.32963002492981,103.85202595666932
2004-12-01,32.733755651716066,32.733755651716066,104.11297428939808,114.12863035377624,116.67040606164532,85.71029246458596,79.05231523781733,93.73153868723752,58.855705329143944,52.655492468205246,107.51027709708198,41.74577325337597,1.3408,94.684814453125,93.44090270996094,97.06099168484104,119.33459498307424,94.61295710571228,66.16495033577755,103.51361479639176
2005-01-01,21.92819388302241,21.92819388302241,89.7225312803001,104.48537459278548,104.63181773996814,85.74830615294786,79.26226819288127,94.29799098326224,59.14986569629534,56.39844425489524,104.365385304575,42.07156911413744,1.3119,95.41316223144533,93.65135192871094,97.17622071880974,108.97420109653504,95.19159914965188,66.07000302163252,95.33261106774276
2005-02-01,21.92819388302241,21.92819388302241,87.07192802983097,113.1724417310691,112.78582673325968,85.82633735640596,79.4847071857077,94.89102675462568,61.04876473335564,57.939183882678535,104.497716516089,43.182417800211034,1.3014,95.62125396728516,93.75657653808594,97.309948787651,117.08254725376428,95.79779295331112,66.05212698023355,105.1996962535377
2005-03-01,29.649776259392507,29.649776259392507,106.68068988232504,146.6974678699679,154.69046169190165,85.95180313352033,79.72034822513825,95.50517597092336,63.86487859347723,60.22413855165144,114.644670401982,44.8518760585288,1.3201,95.41316223144533,93.75657653808594,97.47052092041616,152.68709919502902,96.4235273298003,66.11714135089487,134.48454783960372
2005-04-01,29.923804950870693,29.923804950870693,93.28661358310306,111.36862283402802,109.08486767509356,86.13158387034599,79.97029867702621,96.13510199003224,62.42271970782254,59.05399137619765,118.55659052214,45.05076707895293,1.2938,95.41316223144533,93.86180114746094,97.6662945133887,114.08372368870454,97.06063438745689,66.26938318117897,105.8325041961752
2005-05-01,32.73906189402101,32.73906189402101,93.64157591489126,106.35652739501488,103.51730001059674,86.3716223569482,80.23601542229659,96.7758863485769,59.458829320532836,56.64913293824044,110.44905701340998,43.12136757373626,1.2694,95.51720428466795,94.07225036621094,97.90499246109614,108.75681215843598,97.7012629030109,66.51173000939315,101.462322013273
2005-06-01,35.84671445214215,35.84671445214215,109.6591471473394,123.89191085324146,122.7739110845388,86.67657275261244,80.51921565072122,97.42324921148152,60.65621195664074,57.620672151787645,119.208077351989,46.77068467663095,1.2165,95.51720428466795,94.07225036621094,98.1931525614118,125.98024330639704,98.3383124057855,66.84559246242617,119.633779448644
2005-07-01,31.00223601354624,31.00223601354624,88.50315132255727,115.8915034291405,116.29102219224644,87.0495391633711,80.82174132272307,98.0736897591851,60.840694858696445,57.770358950452746,127.21346741922798,47.96708331049941,1.2037,95.41316223144533,94.177490234375,98.53573306659808,118.13101290195227,98.96579219787348,67.27088189829385,111.325120522691
2005-08-01,31.351821132541403,31.351821132541403,74.94096370448054,110.57680534617998,111.88894812069384,87.491927027134,81.14538862717745,98.72455172306115,63.76158094499753,60.140324311208246,152.324564101041,50.40293425968942,1.2292,95.62125396728516,94.177490234375,98.93591227223224,116.49526528328428,99.57908139909604,67.78595098176977,98.5090045097017
2005-09-01,33.13759569985644,33.13759569985644,103.0705918878312,128.030978808456,132.4068231223349,88.00348587321541,81.49162271725487,99.37385760677536,63.64031009800394,60.04192687352924,191.964532161484,51.200449294275415,1.2256,95.51720428466795,94.177490234375,99.39491872036147,133.39250711847575,100.17495663338764,68.38800245546226,117.09876730207648
2005-10-01,33.799609357922265,33.799609357922265,100.45161628405572,111.22943140179218,109.0219761081272,88.5823986734748,81.86137766795407,100.02023464096015,65.66078941986473,61.68131501241994,203.209287369883,53.88030207253907,1.2015,95.51720428466795,94.177490234375,99.91219450455156,115.3841035074471,100.75157263436118,69.07305114598684,102.75801213990124
2005-11-01,37.68611926352661,37.68611926352661,93.51266784860184,121.38662733196593,120.19484420751104,89.2254695613048,82.2548860239526,100.66282640909584,68.95694646644924,64.35576988440303,166.609289500858,56.66179020609484,1.1786,95.62125396728516,94.177490234375,100.4856876072357,126.81110820524393,101.30833734235918,69.83593153531555,110.32605490000442
2005-12-01,43.580971060464776,43.580971060464776,105.58259838328442,124.54072861808244,126.32682180095092,89.92837895132301,82.67156241271326,101.3012145362166,75.13559110147803,69.36903412298882,195.773306656265,60.741989190017776,1.1856,95.51720428466795,94.28271484375,101.11220663094548,130.7222733935956,101.84570631717858,70.67038135433032,111.9364950834438
2006-01-01,28.044270071298104,28.044270071298104,94.23092837245794,111.77868422344824,111.35873140600684,90.68596932994328,83.10996187277038,101.93536556586989,79.41504488957473,73.12580179225903,147.438306005179,62.83306562108568,1.2102999687194824,96.1415023803711,94.598388671875,101.78777226940042,115.68275735874911,102.36492692603524,71.56921427479307,103.81823884601324
2006-02-01,28.044270071298104,28.044270071298104,92.36412933185068,122.62729726335009,121.3148766943717,91.49252634211302,83.567825886896,102.56560463670505,82.75888178263091,75.58032538622432,133.491480944,66.12535834519821,1.1937999725341797,95.82935333251952,94.70361328125,102.50791365799364,126.4709393504985,102.86776400069432,72.52457471266398,114.7900714161972
2006-03-01,38.41797485580989,38.41797485580989,114.03038651164088,151.43470680094157,159.49594168092167,92.34202717740042,84.0422184310718,103.19260356946508,83.46836049078722,76.34994982276211,126.421472925943,67.72391871007507,1.2020000219345093,96.45365142822266,94.9140625,103.26788043454783,156.07283129558172,103.35623554828868,73.52824876461088,141.97752313307438
2006-04-01,39.26515277785853,39.26515277785853,95.21372072757292,118.77963634404983,116.67550208837122,93.2283395006917,84.52974208658996,103.81736036002196,97.4826306043975,87.79851435963171,130.012854403156,84.77723773273395,1.2271000146865845,96.45365142822266,95.22975158691406,104.06276710683696,122.47476725033412,103.83238068832502,74.57199153280348,111.24522632596478
2006-05-01,41.435686372713086,41.435686372713086,100.23309071037497,115.16378508723896,113.19359149998267,94.14536865889949,85.02681025645718,104.44113985936008,114.08222883490788,101.2671918932319,119.316304146182,106.78291131166137,1.2769999504089355,96.55770111083984,95.65065002441406,104.88756486454636,119.71649065250514,104.2980726082186,75.64783859665559,105.88077149711246
2006-06-01,46.416657447403885,46.416657447403885,115.42465094270484,136.4320993713777,135.92041795412993,95.0871584762932,85.52994351138625,105.0653523236602,101.6726184489119,91.4568288341502,119.426755854493,95.525209734348,1.2649999856948853,96.76580047607422,95.75587463378906,105.7371733038696,142.47546740416203,104.7548810189708,76.7483601835493,124.10960963989136
2006-07-01,39.70337486766454,39.70337486766454,95.41647086020689,124.18642081432904,125.40653188211492,96.04795716889238,86.03605246389559,105.691358295181,108.52158004697388,97.1691495232297,121.332773639637,102.35329268368888,1.268399953842163,97.28604888916016,95.86109924316406,106.6064077727014,129.56980842555706,105.20398078900368,77.86682793649138,113.20963796739645
2006-08-01,42.55055023365632,42.55055023365632,80.15327727721271,116.49300633115593,118.45847982850022,97.02226095849998,86.5426690007671,106.3202054186665,109.6671865913939,98.0081620443843,131.248275728621,102.13515757013684,1.2811000347137451,96.9738998413086,95.96632385253906,107.49003007106536,123.8448329677138,105.6460977104237,78.9972807647365,101.50255601517316
2006-09-01,45.72084497875335,45.72084497875335,109.61989698072038,137.46390161414834,141.4776943319081,98.0048440880352,87.04809239326002,106.95232128182118,109.3681891682029,97.7914215972157,105.920873083401,100.89687317219132,1.272699952125549,96.9738998413086,96.17678833007812,108.38281379273924,145.54376505661685,106.08147902792828,80.13449402899352,120.98897674418998
2006-10-01,43.58679636395046,43.58679636395046,113.42060617081032,121.0243198955027,119.25901974666304,98.99077665791124,87.5514260456829,107.58720148527568,113.91108399544588,101.69728706622789,119.92595113195202,99.54353564091764,1.2611000537872314,96.9738998413086,96.28201293945312,109.27963546214148,126.8642022232532,106.50987541360206,81.27387115795528,109.11673961470372
2006-11-01,45.88155899058121,45.88155899058121,104.36085618066122,124.99217868744049,123.8650843190825,99.97542341087666,88.0524929779496,108.22313968724512,112.84501948548989,101.0650537331369,138.135230538875,93.28981587660908,1.288100004196167,96.9738998413086,96.17678833007812,110.17556443238432,130.96719779316223,106.93052203317792,82.41128554070049,112.80905312297456
2006-12-01,55.16057649100437,55.16057649100437,109.29966076904418,129.24568561757638,131.30428402287188,100.95441004932472,88.55163161654367,108.85704362504096,113.71025282126487,101.7670917360479,127.265279202828,88.59058086802031,1.321300029754639,97.07794952392578,96.17678833007812,111.06591324351568,136.3659839382358,107.34210857592444,83.54290212967773,114.7273239249788
2007-01-01,36.640304913578305,36.640304913578305,103.24847518178706,115.9900423392075,116.0107815054958,101.92354095752243,89.04938619990853,109.484368016642,106.87329883086989,96.8274370261195,125.609797240901,75.24651434450831,1.2999000549316406,97.5981903076172,96.59768676757812,111.94620911108068,122.01421900635228,107.74273102083684,84.66500257997153,103.70668400014075
2007-02-01,36.640304913578305,36.640304913578305,101.83839602501716,125.06853021829194,125.36434447539273,102.87865460204104,89.54611653425768,110.09917419355682,108.46182310734989,98.6930611930993,142.174978961662,75.33664305928879,1.3073999881744385,97.18199157714844,96.49246215820312,112.81205714968016,131.37662892406067,108.12982112521438,85.7738271786939,112.20625191497564
2007-03-01,52.2554374881865,52.2554374881865,122.7344186326502,152.8948289319573,158.14329083697564,103.81541045428328,90.04155907668535,110.69430190088605,114.78708707435788,104.5869203561929,130.937811929814,85.63590916810163,1.3242000341415403,97.49414825439452,96.59768676757812,113.6588849099733,160.52016134133,108.50005315516526,86.86543475328632,137.346697525111
2007-04-01,52.25543748818648,52.25543748818648,105.52605698385908,119.03171817917516,117.06213888496194,104.72901287140812,90.5343752611302,111.26161669299928,126.42048632336288,114.37652220802988,134.971609006744,103.07499926313926,1.3516000509262085,98.01438903808594,97.01858520507812,114.48158178885672,124.42512516720588,108.84923148658304,87.93557200688731,108.034505719633
2007-05-01,52.2554374881865,52.2554374881865,106.28047211325396,121.30596358954408,119.5434073213374,105.61389092895816,91.02172417895116,111.79228234406996,127.17408021356589,116.37934253622689,135.28151314111,101.94618057562067,1.351099967956543,98.63868713378906,97.12381744384766,115.27407075171756,128.3478693701234,109.17216772961696,88.97953951167145,106.94744509446848
2007-06-01,56.48507845961509,56.48507845961509,124.42185315514476,134.25089735994018,134.80488258100382,106.46336624257827,91.49889612683928,112.27700568657556,119.15183351001488,110.0240835679939,131.688312229387,99.19838951272132,1.3418999910354614,99.0548858642578,97.2290496826172,116.0288686319712,142.1121405202849,109.46256213304618,89.9920446784414,118.22174149940685
2007-07-01,56.4850784596151,56.4850784596151,108.41938622038636,129.5489515096112,129.64749897171197,107.26935097371624,91.95904208864556,112.70621262895266,119.96983430769488,111.0602077201039,119.111221940658,105.81026175782291,1.3716000318527222,99.15892791748048,97.3342742919922,116.7367013837412,136.12783749841512,109.71291093703462,90.96704225893252,116.1345351441222
2007-08-01,56.48507845961517,56.48507845961517,87.147246603276,121.41867883021015,124.40012500444614,108.02212366582164,92.39303248921988,113.07013696469248,110.58737590155188,105.4904970348969,120.098309514726,99.71758187352418,1.3622000217437744,99.2629852294922,97.3342742919922,117.38624042281532,130.59970528819125,109.9144681726165,91.89757819086564,102.6984712176262
2007-09-01,59.26229385072254,59.26229385072254,114.06273804042158,133.86974821200715,140.60467785994524,108.71023030771435,92.78947646391592,113.35883322797676,109.64269467968488,108.18430533979692,120.111924722096,101.51557740214808,1.3896000385284424,99.2629852294922,97.4394989013672,117.96401617607825,141.7765609091174,110.05729564639692,92.77566916093066,117.7476755961455
2007-10-01,59.26229385072259,59.26229385072259,125.44753398560582,124.59973202309313,123.17518478659343,109.32055194756776,93.13492963433752,113.56215456843148,114.2263669240699,114.41978509700388,131.89013899842,106.28625444750072,1.422700047492981,99.47108459472656,97.7551727294922,118.45454758454252,132.64707275392567,110.1304365822206,93.59226364889297,108.19112129749932
2007-11-01,59.26229385072263,59.26229385072263,110.66825008534842,126.96070898977162,127.35794242318454,109.83856889521464,93.41431264753304,113.6697592000036,107.1184795633779,112.1413037220919,137.888498961065,92.4606343549864,1.468400001525879,99.36702728271484,97.6499481201172,118.84070502456456,133.510062357818,110.1222446926238,94.33733614082422,113.60650994251549
2007-12-01,52.48082174752077,52.48082174752077,112.8742705842999,127.60228375666551,132.42367132344094,110.24883614278578,93.61155306485928,113.67121835805656,99.4915310541883,105.3102405567639,138.156819197817,87.43012223704179,1.4570000171661377,99.2629852294922,97.5447235107422,119.1043024517569,135.0354563193737,110.02088991087716,95.0001615580418,112.44596825851158
2008-01-01,48.18871092950177,48.18871092950177,112.42203546231045,114.10029056400352,112.59729348156864,110.535666411412,93.71044850253202,113.55629139101114,104.19805872146692,109.54930435145889,154.748779603891,93.7124028899098,1.4717999696731567,99.47108459472656,97.9656219482422,119.22689526861387,120.22314314350832,109.81504426476036,95.56980058786442,101.61573102219596
2008-02-01,48.18871092950177,48.18871092950177,113.82839482869672,130.30926293109667,131.51619694130298,110.68399753624595,93.69572904571211,113.31540962173096,115.35435400853189,117.66387307462388,162.445487800261,104.6837523614797,1.4747999906539917,99.67918395996094,97.9656219482422,119.19074489889924,138.1452689752719,109.49472748941872,96.03579971335792,114.3315658106506
2008-03-01,67.96370272626717,67.96370272626717,121.75842928254802,151.80321144757906,157.92112367212002,110.6804010533326,93.5542729557903,112.94037357090986,124.19242597823089,126.25735791172288,174.074244026008,112.00445755131857,1.5527000427246094,99.7832260131836,98.17608642578124,118.97989939146748,157.90739906679497,109.05226459563896,96.38907579058127,139.35670995225337
2008-04-01,67.96373608430706,67.96373608430706,119.57355583189111,117.15177329950336,113.78459104948745,110.51417021003,93.27640399752704,112.42522463635328,123.38656846419588,125.45220505939088,188.727872725136,115.26457946043656,1.5750999450683594,99.57512664794922,98.28131103515624,118.58133068656932,121.80099568934703,108.4832807114806,96.62291924281256,107.67196090888676
2008-05-01,67.9637360843071,67.9637360843071,109.70964579615996,116.2430949939039,117.39639770826628,110.1784097013742,92.8571748945298,111.76721060429844,118.76327734879187,121.31300547041288,203.109032648957,111.25408390900178,1.5556999444961548,99.67918395996094,98.49176025390624,117.9860623040024,120.62078344859889,107.78763684761674,96.7340184458177,107.31694309681824
2008-06-01,71.72513588378776,71.72513588378776,131.6600249743667,126.53136390439612,124.9979286296866,109.67103798443912,92.29752364600452,110.96773261640648,116.09214066634787,117.97931591987889,222.151733773915,109.6328686013874,1.555299997329712,99.7832260131836,98.49176025390624,117.19021547433152,130.5759118253334,106.97019847055196,96.7233865917456,118.28448899062526
2008-07-01,71.7251358837878,71.7251358837878,113.6543175238372,122.50802990824236,122.25586468987672,108.99560796450068,91.60518172398493,110.03314588290168,117.78564412495888,118.90987058631988,212.06546065897797,111.66939798227897,1.5770000219345093,99.88728332519533,98.70220947265624,116.19589746402652,125.73927271668217,106.0413305366722,96.59706590432825,115.91949250477168
2008-08-01,71.72513588378774,71.72513588378774,86.31898940753656,105.55181317418942,107.94831922331304,108.16185504633788,90.79521856808782,108.97529094433368,106.9656773723539,109.90311983671089,178.757779497335,101.32612262325082,1.497499942779541,100.303466796875,98.70220947265624,115.01185452852572,111.1699070354575,105.01702967177776,96.36649505454058,94.09646186338954
2008-09-01,69.46850223195382,69.46850223195382,123.21972514554918,132.09817755582097,135.1788619682984,107.18589440785252,89.89012666950151,107.81165639786556,98.5541016590364,98.0221047179873,173.782813273786,92.78126749007424,1.436900019645691,100.4075241088867,98.80743408203124,113.65381587531492,138.40156057816233,103.918635724443,96.04845384223276,119.24551457963612
2008-10-01,69.46850223195379,69.46850223195379,122.38013798595168,113.37113159062112,110.0057096481159,106.09001234108618,88.9193851219431,106.56511393915868,74.96760428671833,72.29347635485833,167.66736836214,65.37279485780137,1.332200050354004,99.67918395996094,98.80743408203124,112.14446664593078,117.43627202800148,102.77210762667752,95.66454176036147,105.08226832349524
2008-11-01,69.4685022319539,69.4685022319539,105.26752570620768,103.78740910411828,101.93354535296136,104.90202869021904,87.91848385157483,105.26321586193568,62.00630286232324,58.709651229196744,166.414307374384,49.33123734928986,1.2732000350952148,98.63868713378906,98.70220947265624,110.51300883044595,107.27272138908164,101.60689680851686,95.2401986663044,96.68082141832792
2008-12-01,65.8045010091918,65.8045010091918,115.57842293533425,102.20177297640798,101.21010962199952,103.65424624007346,86.92744100414599,103.93709599960904,51.24836364208845,50.631236934748145,153.390858294688,40.77061533153674,1.3449000120162964,98.22248840332033,98.49176025390624,108.7942991574032,104.488886234711,100.45449844686402,94.80332958023338,97.5383254605034
2009-01-01,50.61317486899853,50.61317486899853,95.6312326417886,79.51463504745387,77.7215696774763,102.3820442626602,85.98889619676628,102.62005987123936,52.145266458436446,51.68612290621335,138.291901468412,42.74431606631271,1.3238999843597412,97.5981903076172,98.80743408203124,107.02759016217529,80.85534086459583,99.3467995473082,94.38264420639965,76.78092206240102
2009-02-01,50.61317486899853,50.61317486899853,95.44358098216802,76.95695988237152,78.23183609328406,101.12221210283312,85.1459063363726,101.34598244859696,50.82201216071445,51.01072497992205,114.486995466671,43.99232868512909,1.278499960899353,97.28604888916016,98.80743408203124,105.2549405380346,77.66821710534637,98.31436734609804,94.00585833254512,75.50669907101478
2009-03-01,74.09149622613774,74.09149622613774,110.70673999755944,98.34918767089702,104.07200821792524,99.91114914889144,84.43960301137557,100.14764891916283,53.657001846495945,51.82135539391874,106.209694932102,49.765888418213514,1.3049999475479126,97.07794952392578,98.91265869140624,103.5193977597773,97.32634787701886,97.38482807589456,93.6979236711418,100.43476855702626
2009-04-01,74.09149622613772,74.09149622613772,96.4278621908344,69.37510087603349,64.87944934945526,98.78307492463784,83.90688719219261,99.0551743280444,60.40188816954274,56.739324405491246,88.4569337723456,58.48279901574206,1.319000005722046,97.3900909423828,99.12311553955078,101.86308371131,65.63493802903167,96.5814739560014,93.47945227310832,77.00133148556205
2009-05-01,74.09149622613776,74.09149622613776,88.62144567768121,67.53193952037647,64.37234366491458,97.76839412780603,83.57833635135695,98.09462383861036,63.25137725808504,59.42764848750404,89.8070933299148,60.633917017369065,1.3650000095367432,97.3900909423828,99.12311553955078,100.32532746429196,64.08243222849256,95.92220755906996,93.36548150608922,74.56552045609564
2009-06-01,81.58876029120981,81.58876029120981,109.5950770560959,80.83707493310231,77.97146933698419,96.89234537829606,83.47648161758704,97.28693017440256,69.38749696577614,65.56631045343055,88.8555218609205,66.54414962702681,1.401600003242493,97.70223999023438,99.01788330078124,98.9409854263966,75.83760314398488,95.41889225019888,93.36468863557748,91.031049460229
2009-07-01,81.5887602912098,81.5887602912098,92.90073694497556,76.81830971055008,74.85751134144488,96.17403108414402,83.61458072862996,96.64717305918596,72.48099301933813,69.66553685380923,77.992539266673,69.21958289976521,1.4088000059127808,97.49414825439452,99.22834777832033,97.73906775446451,70.61010168998895,95.07713159600922,93.47911541666168,89.47690987676398
2009-08-01,81.58876029120997,81.58876029120997,73.65522637049574,69.89813710986442,71.8579287238052,95.62588354149337,83.99597036538094,96.18425152358893,85.03731707085811,81.62767897715733,76.3809668512686,81.82455680106989,1.426800012588501,97.91033935546876,99.12311553955078,96.74175429840824,67.34976184473472,94.89645631700006,93.70440934045794,75.0943005515383
2009-09-01,85.95397944079184,85.95397944079184,102.87841146464726,86.95355943367612,92.02176499772308,95.25357530441477,84.61403375188478,95.90094735481634,83.19566485644032,77.94030774341823,75.5641367668654,82.23773411642046,1.4562000036239624,98.11843872070312,99.33357238769533,95.96383910499004,82.87496105762061,94.8708605016641,94.03053620219112,95.26986357652432
2009-10-01,85.95397944079191,85.95397944079191,101.4554789228652,78.51540075563305,78.75373651276074,95.05633683744944,85.4527710807998,95.79434914436484,85.41390102855571,80.52635177315251,91.1506045194037,83.45269998221028,1.481600046157837,98.22248840332033,99.33357238769533,95.41259685191852,74.65760271447873,94.9896035966422,94.44287472956567,86.3814907389648
2009-11-01,85.9539794407919,85.9539794407919,93.24660787913244,81.95831705654524,82.63569586247672,95.02760779965595,86.4879157232735,95.8565826460145,88.5660679601277,84.69645851050852,88.1315920301618,88.5970840443187,1.4914000034332275,98.11843872070312,99.33357238769533,95.08802471124594,79.05445108086981,95.23818293892404,94.92357286890166,87.87932972245544
2009-12-01,75.10264160112864,75.10264160112864,105.02337012710268,90.08949303152755,89.40866580731577,95.15592462925687,87.68850172040635,96.0757750151669,94.5380958101795,90.293362199302,109.843285828598,92.65983062654288,1.461400032043457,98.53463745117188,99.33357238769533,94.98338482854908,88.68797938841267,95.59938269006014,95.45302962430884,92.9471938007234
2010-01-01,68.99174320988546,68.99174320988546,86.56390524104958,78.29928539951135,77.69073370230339,95.42593857652702,89.01876004313266,96.43716812912707,98.9911485544333,96.5767368804507,119.138800322063,98.02874680419484,1.4271999597549438,99.0548858642578,99.64924621582033,95.08595906746164,76.29836319920877,96.05431637771858,96.0113664600894,82.37918639726202
2010-02-01,68.99174320988546,68.99174320988546,91.36399411281928,89.17635659982248,91.32636432156808,95.819464431988,90.44020379660807,96.92428976397905,91.9673364413917,91.1065927432961,113.755590021384,90.88752928019184,1.3686000108718872,99.15892791748048,99.64924621582033,95.37792905019892,87.36225282437054,96.58339806478725,96.57976650074878,92.87533290303428
2010-03-01,99.29836918297424,99.29836918297424,110.75118646166248,115.04983149108322,119.0280405223806,96.3164779674289,91.913756280434,97.52009127347816,100.2650181297239,99.4167834199885,101.636675999709,99.04504726996272,1.356899976730347,99.47108459472656,99.75447082519533,95.83730807812336,110.10506131788368,97.16719740017948,97.1415847949966,125.13226885932976
2010-04-01,99.29836918297426,99.29836918297426,98.13639393523168,91.00005812690374,88.854014800226,96.89600495622037,93.4017802380914,98.2079669963811,105.7986688870389,108.1454582642239,91.8338952631584,102.79099626393628,1.3406000137329102,99.47108459472656,99.75447082519533,96.43887243154768,90.71105916505772,97.7871529771984,97.68316453287356,91.58932998995078
2010-05-01,99.2983691829742,99.2983691829742,92.36484738926136,86.86312173720097,83.39892144975495,97.53687138073768,94.86988082824952,98.97258409089828,92.62222916057242,96.016366550206,92.745895025588,90.74829494846426,1.256500005722046,99.7832260131836,99.96492004394533,97.15506218754842,86.2469254274395,98.42613419582118,98.19432790953825,88.11955236635085
2010-06-01,107.43463699304591,107.43463699304591,116.28529895188414,106.12927128007205,105.25394824655872,98.21830836886504,96.28837744554032,99.80047140655157,86.91091031464532,89.09092808728012,102.120929083303,86.25726775573119,1.220900058746338,99.99132537841795,99.96492004394533,97.95684093075434,104.99553872571416,99.06885321023124,98.66854235306728,108.44096364822488
2010-07-01,107.43463699304571,107.43463699304571,95.96208838930669,103.63212326002702,103.50217321079911,98.9204231836761,97.6333686695488,100.68034095397684,89.79578117552481,89.19850455078712,102.07370050081902,89.38881257917797,1.2769999504089355,100.1994247436523,99.85969543457033,98.8145160525308,103.6792024600699,99.70213576651548,99.10279002046278,103.53612828571002
2010-08-01,107.43463699304576,107.43463699304576,77.40844044945612,95.67158218098416,94.59467123083472,99.62455770808636,98.88734803113952,101.60314308170192,97.1102087447896,97.5876119511594,100.103970550475,96.67106939812606,1.2893999814987185,100.1994247436523,99.96492004394533,99.6985254614379,96.98483755107374,100.31506381907388,99.49718889866752,92.99384094051032
2010-09-01,113.93916501738974,113.93916501738974,109.250598235045,115.96001572551287,120.76502023808568,100.31355865304948,100.03936325329884,102.56188335410222,101.62019418089892,100.6375517740439,94.2421649404525,102.31613167626944,1.3066999912261963,100.4075241088867,100.1753845214844,100.58019343373522,117.08692468610012,100.89900505049305,99.85442676074778,113.6622367354158
2010-10-01,113.93916501738951,113.93916501738951,105.58251690162804,100.71657970334856,98.48027317245804,100.9719809460232,101.08474520291556,103.55125177960286,109.77901501897487,108.27305434034989,88.62092468049,110.05504418924885,1.389799952507019,100.4075241088867,100.2806091308594,101.43245068693724,103.07511679772,101.44754589352628,100.17907484821484,95.90749824925555
2010-11-01,113.93916501738974,113.93916501738974,101.2120395964527,107.03200880456818,105.12196211270944,101.5862399530062,102.0244620727091,104.56713029369638,109.98685363656588,109.4269031623369,93.442045668539,112.41053445989436,1.3660999536514282,100.8237228393555,100.3858337402344,102.23050500274567,110.01264101259896,101.95634594062165,100.4768474323832,100.95446899935556
2010-12-01,100.00000000000004,100.00000000000004,115.1186620338649,110.46976569096545,111.9838769923215,102.14472187355192,102.86417680674488,105.6060501969684,115.15263575543987,114.5235082758779,100.28540794401898,121.40052537480224,1.3220000267028809,101.0318222045898,100.5962829589844,102.95244203968258,113.44207683276296,102.42293272819468,100.75386773452315,104.40919262560024
2011-01-01,85.43526265894855,85.43526265894855,96.96065618546842,96.05498042500068,92.17433148799154,102.6378567036542,103.61309980365884,106.66466715174256,120.33387373606288,120.80677989449788,108.008014104098,126.82122807065085,1.3359999656677246,101.5520629882813,101.1224136352539,103.57973343616862,97.89633192939743,102.8464563882332,101.01599159887652,92.30044572152148
2011-02-01,85.43526265894855,85.43526265894855,99.9202987965222,107.44330947785625,107.5620966601195,103.0581554657372,104.2827339030831,107.73930871675935,125.23706404029588,125.81963076351688,102.12369104794298,130.96069886140776,1.36489999294281,102.9047012329102,101.1224136352539,104.097631437341,110.83870485662584,103.227423044061,101.2682293030021,100.52006329092028
2011-03-01,116.93703086330952,116.93703086330952,120.6565412285238,120.05495815536734,121.2438412482534,103.4002128174211,104.8856052293722,108.82563115468112,122.59373586965587,121.37058532795088,101.238374494502,126.12658266767482,1.399899959564209,102.8006591796875,101.3328704833984,104.49543511186944,121.02322480850938,103.5674237712432,101.51429424652883,118.08065246589794
2011-04-01,114.7686856587794,114.7686856587794,102.31769726725229,96.8689549277033,90.98602235507612,103.66067679461167,105.43406336571395,109.91840219647446,124.59710678098588,124.28530280695588,109.568847677071,125.98629986466648,1.444200038909912,103.1128005981445,101.4380950927734,104.76662078779188,100.4761222539187,103.86887255661328,101.75629598929228,89.51390355636342
2011-05-01,120.915170505564,120.915170505564,106.58418025886996,99.17032895688176,94.32703066795716,103.8381881775913,105.93921999986044,111.01140844305075,117.82143720141988,118.49279648343988,110.51185233743598,118.91389656333122,1.4349000453948977,102.9047012329102,101.4380950927734,104.90883642556727,103.68181479872196,104.13476254694989,101.99458489816006,89.97136280783378
2011-06-01,133.79413869797847,133.79413869797847,112.99933518155196,117.8614032385875,115.8957070765074,103.93329187803778,106.4100792135195,112.09747313750646,116.9365006460529,116.9769349579509,113.853174548044,120.33331432886972,1.4387999773025513,102.9047012329102,101.5433197021484,104.92376461041408,120.74772898633906,104.36844588447612,102.2277468672948,111.97615527826986
2011-07-01,117.24120143642556,117.24120143642556,100.55866687403442,110.26283777374294,109.05300491180355,103.9483215067908,106.852897140703,113.16856365026462,121.54409799358088,120.98702273544288,116.825029956738,128.07886273603114,1.4263999462127686,103.1128005981445,101.5433197021484,104.81686113957504,112.09319223958911,104.5734395101586,102.45273925711712,106.53072614525776
2011-08-01,119.54413769839071,119.54413769839071,83.85752084556303,105.42945566886588,104.15895744423102,103.88725628219645,107.27079505123662,114.21596790057283,113.1607560001739,114.7693752066799,111.83098840383198,119.4561818358876,1.4342999458312988,103.3208999633789,101.5433197021484,104.59697651979576,110.49677090819658,104.7532581054812,102.66515316850769,95.09714764722644
2011-09-01,126.71509828489322,126.71509828489322,117.6576953649047,118.81866681818587,119.49338977346405,103.75554762103322,107.66363815701726,115.23052322065035,106.1932015499589,109.08108734897688,109.978370238709,110.15770147224502,1.3769999742507937,103.2168502807617,101.5433197021484,104.275867761588,124.00107906060538,104.91127590365332,102.85958209800135,108.25167482049332
2011-10-01,122.98278783023537,122.98278783023537,108.89487564884875,104.3541967653919,102.25902995287078,103.55991225822817,108.02818171067176,116.2028870093918,97.2876741732649,98.3897877484559,108.783022047398,98.13412480380563,1.3705999851226809,103.3208999633789,101.7537689208984,103.86760966870024,109.48960845220994,105.05062084496376,103.03007255028368,93.88303938518936
2011-11-01,130.34307837837397,130.34307837837397,106.92480145971454,109.10216672726337,107.94823529542512,103.30809045109346,108.35847480173852,117.12384296831624,96.5177423396265,95.8396648215564,104.55759796356,100.61369302386692,1.3555999994277954,103.0087585449219,101.8589935302734,103.38791991000691,115.09222761589088,105.17410636649964,103.170628074887,96.8883708123581
2011-12-01,146.1732944655462,146.1732944655462,118.67821737782268,110.94865241513112,113.3827534326886,103.00857197385976,108.6464992351488,117.98463757977568,95.44102306982522,95.0759428056557,104.40292760818,100.4074494326891,1.3178999423980713,103.1128005981445,101.8589935302734,102.85342089979513,117.75829571967724,105.28420668738706,103.27573444247967,97.06371950352526
2012-01-01,94.77453887128353,94.77453887128353,100.8216829135337,96.53950477657726,93.9760782073013,102.67029858828369,108.88300530227713,118.77733800791346,101.51224921421289,100.50247509190493,98.2945066470535,106.71141618774404,1.2905000448226929,103.6330490112305,102.7008056640625,102.2808727559554,101.05528479345315,105.38307968231672,103.34087059261172,87.33178276035464
2012-02-01,94.77453887128353,94.77453887128353,103.78507807785564,109.24394452100472,112.64349097430126,102.30235810069816,109.0584886596809,119.4951956549792,105.80666683282789,104.00500763308489,94.3159884156454,112.03366875750788,1.3223999738693235,103.8411483764648,102.7008056640625,101.68642280826197,113.151048186175,105.47263686105684,103.36296818173972,101.2773198619184
2012-03-01,131.35531140754932,131.35531140754932,119.5396379878608,128.1026197806414,133.4770762286863,101.91369015891274,109.16423486118028,120.13299146103316,104.5586828783629,103.54326762651289,94.2790631174694,112.42239943869184,1.320099949836731,103.945198059082,102.9112548828125,101.08492493494424,130.083027065064,105.55465300651622,103.34078284568017,124.06454890789747
2012-04-01,124.18077001833808,124.18077001833808,102.57094896104503,97.576444837532,93.4404940820331,101.51282584681346,109.19334346527882,120.68733268547,100.89243418258688,100.95386652160587,89.3456442581264,110.0162242082839,1.3162000179290771,104.0492477416992,103.2269439697266,100.4893831677222,98.88231326117828,105.6308999829316,103.2751434735872,94.9137656570222
2012-05-01,130.22801736464447,130.22801736464447,99.343004901957,97.72807372888936,100.88383117703738,101.10768075432286,109.14163572073736,121.15686915741033,97.31959811801111,96.628639821277,96.5331947060741,105.5856083002144,1.2789000272750854,103.945198059082,103.3321685791016,99.91056638167126,98.14648100626812,105.70328206487856,103.16905243960512,96.87493697615318
2012-06-01,146.32995484320654,146.32995484320654,117.64792991157816,110.39936443440402,109.96675185109343,100.70541441355876,109.0083519177805,121.54240155679987,91.47120115027502,91.63118125980502,96.0904504136756,98.51680102153588,1.2525999546051023,103.6330490112305,103.2269439697266,99.35682422802124,112.31298170509814,105.77394597916228,103.02761994965886,106.49747908831846
2012-07-01,124.6507842718219,124.6507842718219,103.67055333950704,104.91534776310006,102.95321185403267,100.31235885436648,108.79655857941351,121.84686523119755,91.9931179324939,91.1857005338037,100.949435743397,100.65671171605976,1.2288000583648682,103.6330490112305,103.3321685791016,98.8341107528985,105.68328982867703,105.84533940543484,102.85782890284548,103.3495059732051
2012-08-01,128.60445064544507,128.60445064544507,83.99695642430518,97.11641320635285,96.61181868962024,99.93400760936429,108.51321171525096,122.07518857263022,90.89445580990592,87.65118551064201,99.6346919671634,99.74455822595984,1.2400000095367432,103.945198059082,103.3321685791016,98.34619532665744,100.96724192050428,105.92019771979538,102.66814175384496,89.26453375264006
2012-09-01,137.58847667266554,137.58847667266554,112.21704856816793,107.59407799625986,112.40237681245723,99.57504640202671,108.16885796568349,122.23404182212924,99.4925712007428,93.58922247849732,98.5816339006952,107.33877362371416,1.285599946975708,103.945198059082,103.2269439697266,97.89501571009038,110.83432742428998,106.00144979912967,102.46797608182992,100.98717600257808
2012-10-01,134.23814713353565,134.23814713353565,117.55746775578426,93.98382837911498,90.743246703143,99.23940049097445,107.77699607587698,122.33150643613862,97.6933685773162,94.0017696103282,105.701085337492,106.99755594487364,1.2973999977111816,103.8411483764648,103.2269439697266,97.4811104190958,95.9684966079312,106.09204796391192,102.26708894872422,89.93706939681823
2012-11-01,147.32632777666328,147.32632777666328,107.29862425189704,94.18805945968728,93.80513085590306,98.9302729617374,107.35316079860564,122.37670333157216,94.7179673002844,92.41514908431331,109.365158286195,102.34177639096748,1.2827999591827393,103.6330490112305,103.2269439697266,97.10406086468934,94.83001118186849,106.1947418918908,102.07491978427656,92.87911327905177
2012-12-01,166.2424699827717,166.2424699827717,111.62397632021768,99.14629690715668,101.50205527627408,98.65015362471146,106.91382378953396,122.37941830094316,99.5896685392436,97.4232832931274,107.042312431836,105.72952737365866,1.311900019645691,103.7370986938477,103.3321685791016,96.76287961269983,100.87701033138752,106.31182847763344,101.89994604188269,95.61735438991523
2013-01-01,107.3879860321092,107.3879860321092,97.4317153955312,87.57889140108358,88.56529475433746,98.40078859654852,106.4752260576198,122.34975457675874,99.6146682009678,100.2857536476269,107.608178596547,106.80285880957256,1.3287999629974363,104.1532974243164,103.4373931884766,96.45629834525076,87.41577046486391,106.44491638423156,101.74910454521952,87.91149667196117
2013-02-01,107.3879860321092,107.3879860321092,99.56533466001584,96.65091976869616,99.02067802222628,98.18311381888192,106.05226086896374,122.29782802797736,100.25373838824989,101.3406572677469,107.540299976784,106.98289061873136,1.3358999490737915,103.7370986938477,103.4373931884766,96.18293397135966,96.24858167367948,106.594743701737,101.62732449527864,97.471291292908
2013-03-01,151.7082381827719,151.7082381827719,114.36200542590517,123.27606610797564,131.29348537016514,97.99716863226512,105.65751423241858,122.23350362495866,94.2348999858347,94.54730708282972,113.681087667469,101.47056391994651,1.29639995098114,103.7370986938477,103.5426177978516,95.94133836144232,123.57110223922729,106.7610794487262,101.53720658255186,122.67448439426182
2013-04-01,145.88419270447827,145.88419270447827,106.70327124072278,95.89804002046728,93.99696856275264,97.8420149623795,105.30054463359318,122.16615723887276,89.92929551709811,90.73323215379712,122.80678946533502,96.01182709387427,1.3026000261306765,103.5289993286133,103.5426177978516,95.72996046835696,96.0517384260601,106.94272599264168,101.47886824157598,95.58464738669274
2013-05-01,154.5567710330375,154.5567710330375,99.5962507710733,99.08085509765228,97.49185713715036,97.71569130877218,104.98744928941372,122.10443876518865,89.08211537760661,88.31550853240051,118.478144618738,96.21267567685332,1.298200011253357,103.8411483764648,103.5426177978516,95.54706422060504,99.67561696643352,107.1376225272351,101.44995979439908,97.86812951466976
2013-06-01,164.36069543572648,164.36069543572648,112.41074769544971,104.5334090309244,106.53696929218287,97.61522751285172,104.72072696643518,122.05601363952908,86.96865858161881,85.41174499569972,114.37378667723502,92.90567059830497,1.3188999891281128,103.6330490112305,103.5426177978516,95.39064876423603,104.6837525774045,107.34303298637631,101.4458419878244,104.22685698947224
2013-07-01,141.511118978346,141.511118978346,103.29672763498644,108.29670973957316,110.17660876535452,97.53673680670836,104.49941351329652,122.02727035833064,85.31313129689102,85.66884144194961,110.092956411602,91.6634816979262,1.3079999685287476,103.6330490112305,103.5426177978516,95.25840942519407,108.0528927973293,107.55578861378169,101.45990376664903,108.79385499878364
2013-08-01,146.88585506495747,146.88585506495747,80.93484292084791,96.68137961960706,99.54229047041194,97.47558800021292,104.31944071015192,122.022999372624,88.63235934589412,89.63748054702931,107.497413176845,95.46291799239803,1.3309999704360962,103.6330490112305,103.4373931884766,95.14776094433162,98.6876587297268,107.77254845229784,101.48399094887944,92.5905558275045
2013-09-01,160.27187740141665,160.27187740141665,112.9918035773958,112.03092085318464,115.76778348831472,97.42664595163424,104.1741547615032,122.04606931835885,87.26036281997871,88.15323760672251,107.520651604781,95.01630364151728,1.3348000049591064,103.1128005981445,103.5426177978516,95.05592387872152,114.01142545141536,107.99004146010503,101.50891199606528,107.9926515565825
2013-10-01,158.19277010630893,158.19277010630893,115.08545933490711,106.3427441327632,105.83995506464495,97.38455603784514,104.05492818661662,122.0971445044193,88.6516855614034,89.0735633001301,109.031863600773,95.59698010361524,1.3634999990463257,103.5289993286133,103.5426177978516,94.98005608703774,108.224177488407,108.20526133638472,101.52498591580095,102.50648212131075
2013-11-01,172.83690609177617,172.83690609177617,101.86097738341492,104.76881545914144,106.3088934406767,97.34404096989466,103.95180610284804,122.17449766406584,86.50979837266091,87.82071529155472,108.65121105614702,93.840233595483,1.3493000268936155,103.3208999633789,103.5426177978516,94.91739876826232,105.27604741394654,108.4155974558122,101.5225987075953,103.73456427326954
2013-12-01,193.87546275090165,193.87546275090165,112.33994845145529,110.1410609232354,113.03614229104888,97.30017750680518,103.8541414121374,122.27397053464684,87.69532017478531,88.71366598638012,117.45234821935,95.75462586800953,1.3703999519348145,103.4249496459961,103.5426177978516,94.86540354042052,111.90616291285174,108.61889956147756,101.4927377408376,106.54199976659557
2014-01-01,121.87188888323,121.87188888323,96.25826493076642,106.04966522768856,106.63400628273644,97.24862630372866,103.75118898939348,122.38912079630774,88.13162781857672,88.07568877782171,123.475934135134,96.77084670304724,1.3609999418258667,103.5289993286133,103.7530670166016,94.821813846277,108.87676792518828,108.81348676002898,101.4274772135214,100.28517367747808
2014-02-01,121.87188888323,121.87188888323,98.06178870214104,111.97703980323952,113.91563437843224,97.18579862121784,103.63264281611204,122.51156918769377,86.85029122313551,86.16332398816792,137.610698719135,94.88280209037303,1.3658000230789185,103.6330490112305,103.7530670166016,94.78468823141402,114.1575752084355,108.9981201174429,101.32039184292928,107.5309056287352
2014-03-01,167.85656971015553,167.85656971015553,113.11242269745917,141.47879836124395,149.33506518290818,97.10895613748669,103.489109511765,122.63152980068055,84.44608067057601,82.97936173713211,122.174763150604,88.25792349267462,1.3823000192642212,103.6330490112305,103.7530670166016,94.75237046731304,145.18940484865354,109.17196113391736,101.16687999623868,133.91283347367698
2014-04-01,155.53995026972274,155.53995026972274,105.46350740143158,103.69268855866903,101.3818560481884,97.01625148572982,103.3125159757372,122.73847589374924,87.08792179263482,85.47825515707882,118.65642551875402,88.5700759549978,1.3811999559402466,102.9047012329102,103.7530670166016,94.72342702201848,104.19107962837715,109.33453543840844,100.96438170352032,102.6764640286674
2014-05-01,164.62168496951028,164.62168496951028,95.32223908763758,102.8625129044464,100.98243996977467,96.9067246764298,103.0964486102275,122.8218695810837,88.54459412501332,84.84713666364581,114.95136110005902,91.45761894937095,1.3732000589370728,102.5925598144531,103.8582916259766,94.6965815544026,104.3206375047694,109.48571349998797,100.7124817170682,99.88938180979258
2014-06-01,182.37722715668465,182.37722715668465,113.8246328413159,115.83492369021788,115.47441392955648,96.78027270657486,102.83641881061106,122.87187173862114,89.18878425971761,84.35901480661731,112.85978969450498,90.52872648176891,1.3592000007629397,102.9047012329102,103.8582916259766,94.67067628173162,117.36023179210252,109.62571037854327,100.41289331233394,112.72480474315678
2014-07-01,161.4300969389246,161.4300969389246,99.74774491281684,117.11133809887504,117.17552947485149,96.63760639400364,102.53004654056416,122.87995122417423,93.373218982257,88.18183043720651,103.066925482259,94.407273913288,1.3538999557495115,103.0087585449219,103.9635238647461,94.64468113155984,120.73156072819526,109.755097321103,100.06932503404114,109.72966682989232
2014-08-01,158.13395472532986,158.13395472532986,79.74481275891291,96.4627095381617,100.38747395242568,96.48020131274046,102.17715302384772,122.83932968516824,93.73843253451712,88.03385374179362,101.279925232726,92.92693863915838,1.3315999507904053,103.3208999633789,103.9635238647461,94.61775598646813,99.3225276259225,109.8748118309974,99.68723996223916,90.63151096988332
2014-09-01,176.97741295555124,176.97741295555124,113.22695395758228,121.98138137640962,126.41781233525708,96.31024123044394,101.77975613511816,122.74522637585532,91.71691583284482,85.07021667071662,101.763107208189,91.20664943140618,1.2900999784469604,103.1128005981445,103.9635238647461,94.58935341266924,126.47771731024432,109.98615124199236,99.27352485826516,112.81330604599422
2014-10-01,169.77351187608755,169.77351187608755,110.61398764442882,111.68301543402818,109.86200142912688,96.13054559371152,101.34196797478758,122.59490075718348,88.90153576589782,82.61522827059201,103.01527984123,89.41840866722987,1.267300009727478,103.3208999633789,104.1739807128906,94.55933410455754,114.61332239759736,110.09073807286237,98.8360939935342,105.70808932117188
2014-11-01,179.46641061976396,179.46641061976396,99.32190185537782,105.87412035365794,106.33363934755896,95.9444698146402,100.86980220741754,122.3875224270824,90.365698110377,82.85539367299282,102.66395932005298,89.09152451982256,1.2472000122070312,103.2168502807617,104.2792053222656,94.52805929838412,109.03647360170012,110.19045246655122,98.38345860271993,99.42604947415224
2014-12-01,200.58667112678305,200.58667112678305,114.9754990353447,115.541012882358,117.74310460295432,95.75576962980378,100.37090708738393,122.12392186276344,86.25063939236041,78.82598352052173,98.9997770052017,85.55592009963132,1.2331000566482544,103.7370986938477,104.3844299316406,94.49642616774256,119.7737502916082,110.28733579534529,97.92429672633196,106.91041766151172
2015-01-01,128.1746959924139,128.1746959924139,92.743198247909,108.95213311572218,108.38627340229291,95.5684282927048,99.85424656803406,121.8062871819251,80.14737794877381,73.85319468749853,91.0591046325555,77.38169292831006,1.1620999574661257,103.945198059082,104.8053283691406,94.4658236845484,112.87315183659469,110.38347758819468,97.46705884233296,100.9571355145822
2015-02-01,128.1746959924139,128.1746959924139,95.41266487111056,109.01156240432658,110.28435221022848,95.38645594274122,99.32975482017017,121.4378700868662,79.19323494310392,72.37040325316373,83.5202628913693,76.03765892067956,1.1349999904632568,104.0492477416992,104.7001037597656,94.43800496000416,111.24241708398873,110.4809031026728,97.019641580937,104.462826710348
2015-03-01,172.91778851892707,172.91778851892707,118.29610744413236,139.09467291344507,146.08175752748463,95.21368121756318,98.80798813328668,121.02274983089028,79.21122266597892,71.77724587364533,82.1594987681292,78.83004319248225,1.083799958229065,103.7370986938477,105.0157852172852,94.41489305145552,143.50077502321832,110.5814797377231,96.58915489474045,130.11058528068406
2015-04-01,156.7049807080654,156.7049807080654,105.07762604624772,103.8179536315054,100.07298194576455,95.0535628034867,98.29979293493308,120.56568149863756,80.57367286301711,72.13660554900993,70.9413090667932,80.18933975673144,1.0779000520706177,104.0492477416992,105.1210098266602,94.39835523063,105.36670262554745,110.68685684450504,96.1817978071962,100.66003846363832
2015-05-01,167.25113860444117,167.25113860444117,92.86682090566342,99.54894186603656,97.98193858877896,94.90905051398651,97.81600095143136,120.07202969992557,82.37703495064093,74.63688614213521,72.5677688516218,83.54298795845112,1.1150000095367432,104.6735382080078,105.2262420654297,94.38999097373576,101.68754135099682,110.7984463127153,95.80284534570212,95.18831546529049
2015-06-01,190.17578119996313,190.17578119996313,123.11124898248184,119.6577904090064,118.10901504056976,94.78252037276516,97.36715437348307,119.54776668189936,76.67714740197462,70.31336858380403,71.5464353546432,77.41447424556934,1.1212999820709229,104.5694885253906,105.2262420654297,94.3909785460842,122.81493610507955,110.9174424623534,95.45673601461397,113.2203377816602
2015-07-01,167.01315357193602,167.01315357193602,99.94896981957844,116.88336770194222,115.72304478027084,94.67579655885392,96.96325736322612,118.99949944458496,72.68204723566262,65.74767692707304,72.6218760115591,72.42083115570014,1.0995999574661257,104.3613967895508,105.5419158935547,94.4020137580026,120.66032154711638,111.04487151245976,95.14723698801032,109.1821198677915
2015-08-01,166.90204233527265,166.90204233527265,80.6748304190397,96.26500653275724,99.1702525438246,94.5902571890036,96.6135469150289,118.43448613665672,68.26260584007304,62.65317938594164,70.3697741364372,68.0484404791536,1.1138999462127686,103.945198059082,105.4366912841797,94.423354760379,99.89448858322696,111.18165526153204,94.8776549084124,88.86445520857761
2015-09-01,179.07603894860145,179.07603894860145,115.71553083679876,116.152500864341,120.46731400265342,94.52700424511764,96.32627660714792,117.8606076977059,69.06485785961942,63.402390096032434,68.9642329014921,69.2422378425027,1.122099995613098,103.6330490112305,105.4366912841797,94.45496326443131,117.79042042472273,111.32867187869016,94.65105524739388,112.8127659922774
2015-10-01,173.78781536257944,173.78781536257944,110.7692455782714,105.4253663188269,104.7522952733655,94.48706437021548,96.10851072228712,117.28627396720424,68.21386932265425,62.21665659974154,63.61405010088891,69.22684256800036,1.1234999895095823,103.7370986938477,105.3314666748047,94.49671093126302,107.21327303381064,111.48679908394372,94.47045346965486,101.77980609202535
2015-11-01,182.8419972153243,182.8419972153243,103.67955562608738,104.66079174271682,104.25531611732168,94.4715800430482,95.96593219576164,116.72026032376844,63.80827108428634,57.83254252729614,57.8254228120485,63.703256968753394,1.0736000537872314,103.945198059082,105.4366912841797,94.54860507590574,105.1884281634818,111.6569306206814,94.33894674967388,103.58493564036408
2015-12-01,203.0371281243467,203.0371281243467,118.88548975224548,110.6783167023251,113.15859134746006,94.48195165986505,95.90267393641834,116.17148693651995,62.94991632356304,56.313680378817246,53.71191147546159,61.56557001695084,1.0877000093460083,103.6330490112305,105.5419158935547,94.61098373690876,112.5054475203817,111.83996411744376,94.2597648110663,106.95277812492168
2016-01-01,133.50769024761166,133.50769024761166,92.99115690377216,97.54676144250764,97.419847133858,94.51990023951568,95.92118729301814,115.64876417854616,61.37354476966904,55.21308139438014,54.2202536875652,59.34865048861472,1.0859999656677246,103.3208999633789,105.7523651123047,94.68463746591124,98.00117849421623,112.03676520405574,94.23623089115463,96.62020038861932
2016-02-01,133.50769024761166,133.50769024761166,101.43970348181844,106.28115504853582,108.93917627794887,94.58743582782232,96.0221623396215,115.16053250527196,63.62631989643873,57.68103065508055,48.4331801050447,61.03191140683113,1.1093000173568726,103.2168502807617,105.7523651123047,94.7708320055926,106.68346251367578,112.24811733746664,94.2716366889253,105.46084597895832
2016-03-01,183.3148173815822,183.3148173815822,116.44736752013404,137.2608488882317,141.82420246402384,94.68673475997063,96.20451164663912,114.71462293180969,66.45999257943474,61.19185775563314,44.4948339319541,65.74578519798551,1.1100000143051147,103.3208999633789,105.8575897216797,94.87122819121824,139.02986332585425,112.47466817567228,94.36904620490635,133.65381020976616
2016-04-01,163.14599886835487,163.14599886835487,105.309009721997,101.30067182846958,98.06807745993828,94.8199457018194,96.46542275108612,114.31805676296776,66.70247811346732,61.99894560548014,46.626993177277,64.66997403319309,1.1339000463485718,103.6330490112305,105.7523651123047,94.9877175716344,102.3073716490064,112.71688147155588,94.53105084772336,99.24800051440118
2016-05-01,180.54569767917823,180.54569767917823,98.61197538708328,97.75778822779412,96.06602227006644,94.98895620386558,96.80047602963708,113.97689324724536,65.13632196808803,59.979489633993545,48.1675590696896,62.30494134671381,1.131100058555603,103.5289993286133,105.8575897216797,95.12220919368347,99.12130694596723,112.97499926550852,94.75950115223053,94.9775595023169
2016-06-01,199.8592620422716,199.8592620422716,121.71469907113747,115.48978234214384,114.55727963039124,95.19515605010136,97.20381608032588,113.69612445770002,65.97995821615503,60.25668067630664,58.1129273183442,61.60724343241406,1.1229000091552734,103.3208999633789,105.8575897216797,95.27641096396135,115.840062507851,113.24901422619672,95.05523911104558,114.77555747255876
2016-07-01,174.1236878641143,174.1236878641143,91.3225886663482,109.5114191965924,110.63392417725969,95.43923051681844,97.66835809114046,113.47961045908606,69.12657408221033,63.49255155392414,60.6559913692003,64.56592321241868,1.106899976730347,103.2168502807617,105.9628219604492,95.45164656242716,110.47142416289697,113.538648089372,95.41785070094988,107.55395917177025
2016-08-01,174.17733541064842,174.17733541064842,82.32081258100952,101.85270008869765,102.3024794852673,95.72100724169644,98.18600765487405,113.33004593351778,68.90257925516663,63.78019705978043,57.9738622861491,63.06315861595376,1.1211999654769895,103.2168502807617,105.9628219604492,95.64873721600406,104.72110195975412,113.84333067730148,95.84545264813406,96.00399909777276
2016-09-01,180.4796229632508,180.4796229632508,113.09880434098268,121.61658760065312,124.90174008773992,96.03936767629637,98.74787389509488,113.24895159745192,68.22363588112663,62.828454137376546,61.38218946462071,62.67203901286429,1.1211999654769895,103.3208999633789,105.9628219604492,95.86796014951364,124.30255706180154,114.16217554609057,96.33452295170376,116.13986817457538
2016-10-01,181.95702419212333,181.95702419212333,106.16285472616345,106.00791262654604,106.15193737283838,96.3922216196178,99.34446138779091,113.2366883123824,69.62408007215512,64.13285632090215,66.3690971113946,62.79228141544287,1.1025999784469604,103.4249496459961,105.9628219604492,96.10907689028888,109.37685426768763,114.49395249645558,96.87978282614034,99.13860588339584
2016-11-01,194.75367012227588,194.75367012227588,107.76363599429858,112.35997084174576,112.4055914372108,96.77653430592304,99.96583500084569,113.29249640478572,76.50393541615674,71.52669221326873,62.57851362767289,72.3435893474212,1.0799000263214111,103.7370986938477,106.1732788085938,96.37140951293075,114.52789186330055,114.83706266774564,97.47413914332076,107.9395575255515
2016-12-01,214.81068534657393,214.81068534657393,116.37276228704336,117.23822367007806,118.80039068009468,97.18839190306264,100.60176151447828,113.41456508235316,77.87633646354911,73.53505724321293,74.4216778981001,75.12296726662709,1.0542999505996704,104.2573471069336,106.3837280273438,96.65393489034574,120.02827680081478,115.18952683500764,98.1087004200967,111.54927656851218
2017-01-01,147.15575445608394,147.15575445608394,97.47392218578752,103.96478958490714,103.40171716795555,97.62309326387076,101.2418405252228,113.6001355262387,79.05831284288934,74.54452655460231,74.2557723377504,76.37330244840717,1.061400055885315,104.6735382080078,106.8046264648438,96.9553675414448,106.1213154772534,115.54899995818072,98.77288390141422,99.56761105466332
2017-02-01,147.15575445608394,147.15575445608394,99.18098033542252,112.77742750507404,114.4625851004698,98.07526178671353,101.87564266511204,113.84563616257346,81.80451642901951,77.94041741154733,68.7545506432523,78.8465002100537,1.0642999410629272,104.6735382080078,106.9098587036133,97.27420987175356,114.3294953332394,115.91282367412624,99.45463352734517,109.61274520020932
2017-03-01,204.18122982796675,204.18122982796675,125.07151371657405,139.57538212225728,144.97890038940798,98.53897843738471,102.49287420764117,114.1468411058736,81.35314499749322,77.34271792858164,64.4249490597498,77.30325665907834,1.06850004196167,104.777587890625,107.0150833129883,97.60876162430252,140.81176070154237,116.27812296928398,100.14076573813674,137.0543934509036
2017-04-01,180.64515053113288,180.64515053113288,101.2354721250276,107.52823759459524,105.38775487400412,99.007942132489,103.08358322260706,114.49903521370096,80.06213657088492,74.04135598387853,67.1845830772596,75.43551788260119,1.0722999572753906,104.9856872558594,107.1203079223633,97.95709418337306,109.32856130449838,116.64194460077108,100.81745027751808,103.85735898712252
2017-05-01,205.5400462019352,205.5400462019352,106.01216594816336,109.30739659171488,107.99541625376112,99.47566418254648,103.6384141288575,114.89716432912908,79.08194126905961,72.23872226729043,68.1563108463948,74.3161752519746,1.1058000326156616,104.8816375732422,107.1203079223633,98.31700598749268,112.76300999072444,117.00142485495654,101.47081623381938,102.26136524060703
2017-06-01,231.39253291152275,231.39253291152275,124.00734297390194,126.2206099491214,126.6137006108194,99.93569822683496,104.14890620488252,115.33594933322928,79.21654831476431,71.70786089173063,64.9631976087366,75.91144421333715,1.1229000091552734,104.8816375732422,107.0150833129883,98.68597979998188,128.3319129232217,117.35396542911016,102.08765148923231,121.91564141547067
2017-07-01,192.8387528790857,192.8387528790857,97.93144452103022,115.79434886482788,116.76957509088506,100.38189688067172,104.60781936256834,115.80994853779929,82.11621004092412,75.38731558352242,65.7514556154873,79.43324597362972,1.1511000394821167,103.6330490112305,106.9098587036133,99.06115992860762,117.6619216045408,117.69739100984263,102.6561405276347,111.98634879217408
2017-08-01,189.75928641343893,189.75928641343893,89.45722865290051,111.3884579371113,113.39077394767251,100.80867380109062,105.0094594615816,116.31356399202164,88.39035433151011,81.55521096138192,66.9964497078803,86.07590876773602,1.1806999444961548,103.7370986938477,106.9098587036133,99.43935878036984,116.99775215319367,118.03006218524186,103.16656647737128,99.95104919357746
2017-09-01,191.07754431439423,191.07754431439423,116.1292854806899,126.70602283744752,130.76046449502232,101.2112388607796,105.34996760229429,116.84100110252132,90.4980224069799,82.67827989338151,70.1748807394026,87.29080827458402,1.191499948501587,104.2573471069336,107.0150833129883,99.81709025852834,130.75023247754726,118.3509231143182,103.61189373504276,118.45983768179244
2017-10-01,204.163179614988,204.163179614988,116.69676811549496,116.54982831282288,115.59485807634454,101.5857685159434,105.62753457652384,117.38620412724032,92.9482531669373,83.39008226770291,69.7708652852978,90.34902646731923,1.1756000518798828,104.5694885253906,107.1203079223633,100.19061626605908,119.96882844554378,118.65947390575512,103.98815162174408,109.57845178919376
2017-11-01,200.9770525762263,200.9770525762263,115.52407610042,121.62322997158957,121.80163081568476,101.92947612929436,105.84250360360404,117.9427989439603,92.61845927772433,83.45610945791762,73.8756866155341,90.6005268568186,1.173799991607666,105.0897369384766,107.2255401611328,100.5559856202412,125.28875020482442,118.95567069807733,104.2945587897714,114.14919642116529
2017-12-01,238.3690141717204,238.3690141717204,118.4136779171693,127.26067674117118,129.73986138229952,102.24055884630576,105.9973314629886,118.50407615684054,92.1526908526715,84.11395678796951,73.2917274636374,90.69794178341095,1.1835999488830566,105.2978363037109,107.3307647705078,100.90904444530229,132.60160394063047,119.23976903466388,104.53336072679323,116.37047111164068
2018-01-01,163.73062570067853,163.73062570067853,103.81071460505436,112.44319568933471,113.69166918987054,102.51801706978064,106.09638930952768,119.06304088589238,96.99230641663202,88.5696257771319,84.8216292756154,93.77646581234322,1.2200000286102295,105.1937866210938,107.8568954467773,101.24540411332448,116.78234012002048,119.51213536546511,104.7093935787365,103.59563545462778
2018-02-01,163.73062570067853,163.73062570067853,104.59075682753544,119.82189593598136,120.85653075514578,102.7613658516228,106.14559853993106,119.61254139827896,96.8598027819916,88.60694031025622,71.0301204239791,92.98905060870229,1.2347999811172483,105.0897369384766,107.8568954467773,101.5603654707983,123.759402433417,119.77305525915114,104.8294290505978,111.79327958842508
2018-03-01,227.20351098475177,227.20351098475177,121.7184610585183,153.89867755072538,158.51242767399737,102.9702794391126,106.1519126189024,120.14547003998932,92.89561970015822,84.47107154647212,71.46245729274,90.23727800929368,1.2336000204086304,105.0897369384766,108.1725769042969,101.84881314987682,159.97721852418752,120.02256444458828,104.90138886979184,141.504469830532
2018-04-01,210.32128075139735,210.32128075139735,106.60832904013738,115.53786314266932,114.877796066964,103.14422546555666,106.12267139415302,120.65501108306768,96.0620468794593,86.44544399191352,73.5187280549998,90.93179069438608,1.2275999784469604,105.2978363037109,108.1725769042969,102.10510713407858,119.06891308178592,120.26032102426036,104.93353578970068,108.33801590846362
2018-05-01,221.23373561270904,221.23373561270904,102.27024435312003,115.37744891737492,114.22066453102497,103.28214981112636,106.06486897268633,121.13489587597026,96.4291042500209,86.78852726803632,76.5074594875825,90.58353896771256,1.1812000274658203,105.6099853515625,108.2778015136719,102.3230066365738,119.4508087512168,120.48552646240942,104.9337468743,107.07182621611447
2018-06-01,244.1522614851238,244.1522614851238,127.099604007516,126.9074717123414,128.14159420849387,103.3822653224757,105.98438877891176,121.57962003006637,96.8299249452795,86.97667991635632,78.3380110340419,92.44941969381874,1.167799949645996,105.7140350341797,108.5934753417969,102.49566129982549,130.8979355170092,120.69689243956074,104.90895355720166,118.77087486930068
2018-07-01,207.8347425723495,207.8347425723495,104.74153471658646,123.21460730443924,123.89298011561328,103.44197866978422,105.88526920187164,121.98458240130782,88.02727016856942,79.77226290302181,77.5044930687514,82.95863111678062,1.1685999631881714,105.5059356689453,108.8039245605469,102.6156963078306,126.51965593617189,120.89264355558127,104.86479599107882,116.47557906626906
2018-08-01,197.5286647823171,197.5286647823171,92.80198584295562,115.19472943303052,117.46728618496512,103.45796370709488,105.76906949682127,122.34612095559892,85.57627580543542,78.11847133652473,81.71356939636,80.30825498047362,1.1548999547958374,105.5059356689453,108.9091567993164,102.67540295828562,121.1842013524736,121.0705443989225,104.80549457503994,102.98213443236514
2018-09-01,199.41920341544497,199.41920341544497,110.50170147230692,127.83048425293644,129.41973493459966,103.4263627031064,105.63440742864086,122.6614433327744,84.54056187505971,77.44491643465781,89.1675700140237,80.30440616184804,1.1658999919891355,105.1937866210938,108.9091567993164,102.66702804794484,134.35773094853488,121.22794428275044,104.73389938762266,114.52136093874164
2018-10-01,211.95575520716895,211.95575520716895,122.45173385667506,125.20995688776168,124.7932500344297,103.34307504427224,105.47673644010304,122.9284751859134,86.10258604245291,79.35498638731923,89.5707956167827,82.54508219135586,1.1483999490737915,105.2978363037109,109.1196136474609,102.58313838404024,131.50378627304292,121.36184263527272,104.65164835171691,112.3767738760491
2018-11-01,220.51965526454364,220.51965526454364,115.95820990880324,122.624695063198,123.2898884480816,103.2040815959129,105.2884197312354,123.14567142409436,83.84137392877682,77.50087473855753,97.3624678921418,82.23093896077806,1.1367000341415403,105.2978363037109,109.2248382568359,102.41702484600404,127.88075497763774,121.46898954157328,104.55935435517218,111.90753470288143
2018-12-01,241.84685426664612,241.84685426664612,115.12846857656872,122.99195639275275,124.50841279239916,103.00575440175938,105.05914058480204,123.311849013289,82.73338904107311,76.07170463079584,94.4065778513486,80.63036128406985,1.138399958610535,105.2978363037109,109.3300628662109,102.16310632259815,128.12567937720434,121.54604516022424,104.45675267788312,112.52424229408744
2019-01-01,175.66814701623522,175.66814701623522,108.32515444781708,105.51402415433354,106.3039461086945,102.7451150855304,104.77666221953288,123.42610135696576,81.25109257843613,75.77415348892652,80.0553660620669,78.82247827311473,1.1416000127792358,105.5059356689453,109.7509613037109,101.8172981253166,110.20094120678866,121.589824600446,104.34276995845036,95.95735195798586
2019-02-01,175.66814701623522,175.66814701623522,108.94465624025868,114.46664721673818,114.99630178967308,102.42002728714588,104.42791712215,123.48784241035234,84.68173946384732,80.11719819834883,69.545041682087,83.61876987001003,1.13510000705719,105.2978363037109,109.8561935424805,101.37732052049049,117.97653190274453,121.59764844421557,104.21551671901597,107.30995615185736
2019-03-01,261.6428015887835,261.6428015887835,126.96621589643505,141.6377167966329,146.09676800137896,102.02933257644284,104.000367369369,123.49700536597123,86.16782754337271,81.09669812297182,67.9121107528877,85.4631502989664,1.1302000284194946,105.5059356689453,109.9614181518555,100.84293747313258,146.63374570824828,121.567802663323,104.07224621058822,131.45076233223213
2019-04-01,219.5958129851704,219.5958129851704,114.91743241004696,107.15065267514242,104.72228145720284,101.57295870616792,103.48353765239555,123.45439027888447,85.63514130188692,81.59938825982671,62.4860657981163,85.4485513317659,1.1238000392913818,105.7140350341797,110.171875,100.2161293676278,110.01588878497716,121.50008706909898,103.90935165585051,101.30840670399056
2019-05-01,234.1691963737265,234.1691963737265,110.8144962984979,108.94092597849968,108.49239166874624,101.05203805470478,102.87058669242845,123.36212326556944,80.97121594064892,78.64918879651992,59.42233533269711,79.86829519620431,1.118499994277954,105.7140350341797,110.0666427612305,99.50121248684252,112.39749439067936,121.3964029923531,103.72248290728984,101.89294734569084
2019-06-01,261.1263504070176,261.1263504070176,122.04555481865556,117.7475742547908,118.46080607400636,100.46906957421018,102.1597564247739,123.22416312252894,79.41865475444601,78.52608899237563,52.9625288761405,78.06771166884941,1.1292999982833862,105.5059356689453,110.0666427612305,98.70491988573006,120.4431444202594,121.26130469987768,103.50684800166108,112.2512788936122
2019-07-01,217.05344658519095,217.05344658519095,107.25045799741042,118.87885598822224,119.17883431433982,99.82813996511156,101.35552754812367,123.0467745889702,80.70522325565861,81.03118419450152,52.73103815975699,78.85034902867929,1.1217999458312988,105.2978363037109,109.9614181518555,97.8364525468656,120.86415456572372,121.10242165142252,103.25772709872122,114.83081171845684
2019-08-01,207.81542038781956,207.81542038781956,89.19044590896407,100.93135328047046,104.47634212722464,99.13519318291142,100.46931933702685,122.83888417778496,78.89430257902981,76.04850306888983,51.84805447932149,75.77447935741982,1.1125999689102173,105.1937866210938,110.0666427612305,96.90749812187984,105.46434760813628,120.9306555986402,102.97117379358788,91.6885311070519
2019-09-01,215.8538332447583,215.8538332447583,115.17440098188506,128.1979263366216,132.10287079538935,98.39830845691966,99.51960317730136,122.61224503515416,80.46323800031782,77.32280800948432,58.1925137678151,76.43554713583471,1.1003999710083008,105.1937866210938,110.0666427612305,95.93220067336694,134.7020654243741,120.76007083577522,102.64482397290142,114.93591967308522
2019-10-01,226.6692591036553,226.6692591036553,120.92856718399796,107.69286297748398,106.52640206634234,97.62792352041792,98.53135205578934,122.38135955647188,80.12169750534251,76.45733090765063,59.115498034277806,76.40966714852475,1.105299949645996,105.0897369384766,110.487548828125,94.92705300364253,110.80481505789656,120.60742741876668,102.27868884082967,101.34756059845718
2019-11-01,240.9537626567217,240.9537626567217,110.23944568721572,104.249771965606,104.16205384601017,96.83692860422306,97.53481759556536,122.16313828483878,80.38916783644223,76.21530552750112,63.47069207042409,77.77201622409768,1.1051000356674194,104.9856872558594,110.487548828125,93.9106774553403,105.91508193123606,120.49135210457484,101.8757882154151,100.85418777482091
2019-12-01,262.9139971587154,262.9139971587154,119.04751612349808,119.77946383053556,120.9264334005372,96.04056216146894,96.5637042191212,121.97630573238838,80.71317038756072,77.46999671242833,56.0104638633257,80.65345419582337,1.111299991607666,104.8816375732422,110.38232421875,92.90346416229492,125.62192928858194,120.43119331429529,101.44248961066432,107.86661652042883
2020-01-01,130.43917682136288,130.43917682136288,103.63587524106876,103.52369399000888,102.64736188797148,95.25606168263629,95.65288634401328,121.84059305375,80.50375581915111,77.70223174561951,48.6284779174297,80.04494269933024,1.1100000143051147,105.4018859863281,110.697998046875,91.92704815469784,107.66266588571077,120.44565597618846,100.9884581713811,95.08428761809562
2020-02-01,130.43917682136288,130.43917682136288,105.7219993944238,104.62610713368342,107.33089393375889,94.50205868731985,94.83587805070168,121.77577990815708,76.01569813508793,73.01586884975923,43.7911677297953,75.4866142678029,1.090499997138977,105.5059356689453,110.8032302856445,91.00362669982772,107.46123339451346,120.55135090007616,100.52618537617452,98.84525545511217
2020-03-01,255.2379207733261,255.2379207733261,95.298140132762,131.10900070484016,134.1775753880928,93.7977483234723,94.14230531135163,121.80066016575276,70.49626160378533,68.70687148291893,41.6140916572393,68.7827685293382,1.1062999963760376,104.9856872558594,110.5927734375,90.15514155112426,132.70277911058693,120.76141442474278,100.07013685432236,127.8592701022128
2020-04-01,241.11118222280916,241.11118222280916,64.42067630102005,95.10386763502936,92.97913385706532,93.16190450670469,93.59564142766186,121.93200969746005,67.28659159242133,65.55173456341133,37.9740400406556,67.12830739187184,1.0861999988555908,104.8816375732422,110.697998046875,89.40237419690945,97.8416846289464,121.08435287065888,99.6356295806144,89.52143055504106
2020-05-01,255.80816046314055,255.80816046314055,77.91193447467415,82.02290281580993,80.85497534261762,92.61184125004377,93.21144371985432,122.18362975574895,68.89024944579553,68.00635609756434,35.5956619576958,69.54191482376365,1.0901999473571775,104.8816375732422,110.8032302856445,88.76401992083468,83.71451021739189,121.5232427093876,99.23759908844303,78.5736978819684
2020-06-01,283.3393819731943,283.3393819731943,119.4974282852663,102.57261753146776,103.87823541962744,92.16243350121142,92.99627574839754,122.5655288848232,74.34298818182633,73.67846260714732,33.9922819297058,76.37383331994174,1.125499963760376,104.9856872558594,110.5927734375,88.25581497772335,104.9808531462648,122.07537501352206,98.88943719734137,97.66220028178992
2020-07-01,243.89221032932795,243.89221032932795,98.09875338847964,98.96055996968688,100.90370514099448,91.82530380064304,92.94742131681822,123.08329264589024,80.18022192097001,79.08970395683352,34.9085246084531,84.57394047857295,1.146299958229065,105.0897369384766,110.5927734375,87.88978887749288,99.1073274039914,122.7323785667258,98.60206566644402,98.6612996578338
2020-08-01,233.073194075274,233.073194075274,83.00514943615893,83.11347519470407,86.07201891646643,91.60819649571911,93.0534048679012,123.73763348197154,83.59175594434333,83.48060217869542,45.8535070767161,86.25255627086193,1.182800054550171,105.4018859863281,110.5927734375,87.67364944869934,84.74158293013201,123.48079570876548,98.38329172673932,79.79374673489009
2020-09-01,244.0746989843769,244.0746989843769,111.69625387603078,105.96142788227282,110.131180584405,91.5146597704886,93.29524101610468,124.52419736364564,85.17935380180332,85.11530461914491,46.0729091283262,88.9860138023281,1.1792000532150269,105.1937866210938,110.697998046875,87.61041074104966,106.79028598342047,124.30304521562478,98.23758331517026,104.27137766774936
2020-10-01,258.380615692635,258.380615692635,113.33319446676109,105.32736589625772,106.17893687219302,91.54403750063828,93.64825555512536,125.43363218212802,86.27728271242542,85.49279171456321,54.7211548529564,89.10426543665207,1.1775000095367432,105.2978363037109,110.697998046875,87.69827871511593,106.98409326990372,125.17865657970508,98.1662437409174,101.9492816990225
2020-11-01,274.40195137129564,274.40195137129564,116.6192033464287,107.87680036479664,108.83108555788776,91.6917333656021,94.08426341969404,126.45191300476328,91.4469405439522,90.27961371441432,59.0622730548325,93.81707748473733,1.1838,105.1937866210938,110.9084548950195,87.93078661985209,111.29988853433387,126.08563936834148,98.16789747210376,100.89708829194764
2020-12-01,296.2438341780627,296.2438341780627,120.0317944198263,116.53075973944604,118.43325066116556,91.94968027348614,94.57386203349934,127.56090950985948,98.0446261298788,99.6505128483917,63.85843256317491,103.15152439484652,1.217,105.4018859863281,110.9084548950195,88.29715288416328,119.90175488555867,127.00185011882162,98.23915161563612,109.6572658784864
2021-01-01,214.8430020181487,214.8430020181487,97.83116528079977,102.48657935373508,103.40419085040725,92.3069323722364,95.08860347460642,128.73916868542108,99.7116517305591,102.83930165921691,73.0214793264205,105.80468760671002,1.2171,105.9221343994141,111.4345855712891,88.78282066820783,105.46674813554628,127.90623598757324,98.3752782616651,96.40998447936248
2021-02-01,214.8430020181487,214.8430020181487,107.84732971268244,112.06777082792598,112.963085025385,92.74679361032136,95.60266097792628,129.95929357573445,105.01976354341087,106.3923564206919,97.4780254259343,112.4245229248301,1.2098,106.5464248657227,111.6450347900391,89.36646524801039,116.29905746939106,128.7788472009232,98.56755170346,103.4401337375523
2021-03-01,309.5747516356268,309.5747516356268,129.2309490305512,143.41276240443975,147.8232259668154,93.25154046914558,96.09452152638276,131.1936363759173,109.04085835043588,110.2213889417679,65.6184503734511,119.29015176345294,1.1899,106.9626235961914,111.7502670288086,90.02524686294814,147.73834133558168,129.6030700577243,98.80705833791164,134.59286236317553
2021-04-01,282.4208314860697,282.4208314860697,115.1985544802088,116.215743422644,115.62807837102672,93.80308294606616,96.5477588805488,132.41533108758892,113.47181402111688,115.32305325422088,71.2774499129487,123.75703757315176,1.1979,107.7950210571289,111.9607162475586,90.73566552630896,120.1471029076094,130.36600174106167,99.08502388711725,108.19966089689588
2021-05-01,291.5216874814704,291.5216874814704,103.00808159006289,102.7904210925379,104.4254399983423,94.38362276828168,96.95127732829934,133.59936696577122,121.93120772412388,125.79331317162789,83.4672332742107,134.86751520214233,1.2146,108.419319152832,112.1711730957031,91.47447887530345,105.76759070301624,131.0585537164695,99.3930245317191,96.7199415594372
2021-06-01,321.74242528838903,321.74242528838903,135.65063091207838,128.91902042675878,131.82152149195988,94.97616322427238,97.29907784994757,134.7235352941542,118.98835771988388,124.27319007870888,94.7306563326308,127.82722962864818,1.2047,109.3557586669922,112.3816223144531,92.21952098213424,133.32606899221682,131.6753084030962,99.72296469472003,119.93300296109769
2021-07-01,264.0327435766052,264.0327435766052,101.0237073593624,119.57878806452578,121.6814051798609,95.56489561036524,97.5896452918445,135.7692015365789,119.33949889074088,124.52060140873589,112.678743248503,125.42928290702598,1.1822,110.084098815918,113.2234344482422,92.95040999026368,123.96542416819226,132.21418978762142,100.06691041528106,110.63439181892878
2021-08-01,253.72306874336013,253.72306874336013,90.60733278780314,103.19587261853246,107.63883478722047,96.13549720806958,97.8250820754661,136.72185937535454,120.87386688397288,119.04408323908288,129.818582816746,124.3585150218119,1.1772,110.6043472290039,113.9600143432617,93.64913656516964,111.77046251043978,132.67601158193992,100.41688714520788,85.71219541708727
2021-09-01,259.00049607959113,259.00049607959113,118.18753454061957,123.2677051604605,124.17674505735096,96.43925963540784,97.95779672565276,137.2416328653304,124.12275154642788,116.81299071856888,178.399405174918,123.75557767643168,1.177,110.9164962768555,114.3809204101563,94.02476435575764,131.09760291452267,132.93120725238853,100.59690097480154,107.30246290653704
2021-10-01,269.7944315757368,269.7944315757368,116.87012445060562,114.03017772072052,114.95110798149584,96.7346565644233,98.0689923326191,137.72525964606254,130.00917537123487,121.38096364348488,222.529251905172,130.45132762399433,1.1601,111.8529357910156,115.0122756958008,94.38672944279512,121.45948536340192,133.15728658290377,100.77767083123074,98.88174283435212
2021-11-01,291.5200300755488,291.5200300755488,116.35766561874811,121.8233905019584,123.82017614961232,97.01917341108556,98.16026975742469,138.1706201619464,125.18394669799387,114.01717045649389,202.586117935765,129.11990181530967,1.1414,112.8934326171875,115.3279571533203,94.7316637116172,130.38492868874425,133.35555198156598,100.95815186796273,104.36632586183082
2021-12-01,310.76318288784324,310.76318288784324,134.58950409937648,127.77173505445602,131.02970345194126,97.290609412509,98.23370535866924,138.57641085923845,125.20703038949787,116.71518298656588,236.48836750686496,126.7612395872452,1.1304,113.3096313476563,115.7488632202148,95.0567281809724,136.97550608913193,133.52765986556923,101.13724230254212,109.00515101547398
2022-01-01,235.95612934138163,235.95612934138163,108.15632035449528,110.46018068403464,110.82353204055828,97.54711745904255,98.2916411135035,138.94219876746052,133.21939308637786,125.22964127230289,196.91113953145,129.8291461854862,1.1314,115.3906173706055,117.853385925293,95.35968962839506,117.86137719081222,133.67552581093557,101.31375989246988,95.36906469362545
2022-02-01,235.95612934138163,235.95612934138163,117.715769619597,117.87963080108813,118.30023154594612,97.78718248921685,98.3364961877578,139.2683862566856,138.9055715058739,131.17650136422185,197.5236794019,131.96364790808138,1.1342,116.4311065673828,118.905647277832,95.63892125745228,124.71085853274236,133.8012321150164,101.48638197835191,103.95068702005364
2022-03-01,329.4133674902244,329.4133674902244,136.85872019062236,152.00056118736876,156.40063426867158,98.00961513666988,98.37061289304222,139.55614404602784,149.89087140001484,141.28333939753685,271.079905931083,135.7822068561948,1.1019,117.4715957641602,119.8526840209961,95.8933967440316,160.9542331800546,133.9069504369947,101.65363844314446,133.74393167375388
2022-04-01,267.37314541334797,267.37314541334797,116.5287382782966,114.26232769813406,115.01204920651008,98.21355858422244,98.39614352324924,139.80731372743872,146.09099793939885,138.09414281218386,243.436029639267,134.85968484700751,1.0819,118.4080429077148,121.2206268310547,96.12267514368769,120.09880994442013,133.99487862452892,101.8139563574086,102.361680218499
2022-05-01,305.09042602027057,305.09042602027057,106.04202277455033,103.88421883605663,102.98350545725295,92.48749741595368,93.40330720311113,136.83261855243296,122.1638729879383,123.5892520645156,143.08444700440455,126.80781998667375,1.1649536848318736,111.99214851788327,115.87630236696651,89.03145849089772,108.51273067818946,133.3328667867435,98.43356311065683,93.95948301910926
2022-06-01,336.89882404931114,336.89882404931114,126.9806994113013,119.23720786760921,119.98372599757738,92.27057185491805,93.12472647422895,137.20650158282697,118.53976008618787,120.22464109760386,146.78036905168096,123.90350390669494,1.1644996206109839,112.20722960453003,115.98906502508288,88.76516295174544,124.11590084908048,133.63294550665,98.28271349837274,108.69169522146998
2022-07-01,287.9013627745545,287.9013627745545,107.14252949446106,114.74876107400702,115.73922709773225,92.08906213746626,92.90460387629503,137.61320239659497,121.61950026601596,122.82874520217734,148.907346607819,127.84859819703482,1.1706478076558484,112.33430339085626,116.18233995972918,88.55310954956775,119.22876620296655,133.97938608398783,98.1519960177391,104.86180234812062
2022-08-01,281.5552527376004,281.5552527376004,89.05620239972136,103.20029182315426,106.03889444728281,91.90369251539997,92.72033195379214,138.05061257782341,121.15108588381318,122.0531953702554,153.6021235712556,126.7324620118768,1.176450042543412,112.54574605203332,116.30850858573908,88.33552728012398,109.80106768188803,134.34899807214106,98.0394988225926,89.4713470077167
2022-09-01,295.19525019898833,295.19525019898833,120.52975479093874,121.72428113188643,126.41833988540652,91.7825395574996,92.58098290328468,138.51803354265226,121.48751358747352,122.15299622021925,159.4019752037591,127.20484846179795,1.1742245016226138,112.64336414337343,116.45739373334622,88.19361919069779,128.61720799434076,134.7271035843366,97.96504004929234,107.18584852335816
2022-10-01,302.32407135172963,302.32407135172963,121.67063012402082,109.79046865810886,109.35330311437826,91.66284934326652,92.40867082430738,138.97178395751283,123.88278899783077,123.78323978197837,167.25892111040957,128.45142501606975,1.1779767899876925,112.9063415450432,116.70151142558385,88.0634850601263,115.89537145222789,135.09044903335425,97.86503143071438,96.86464579721725
2022-11-01,319.2981373934297,319.2981373934297,113.2960697238514,111.49526584552206,112.11966317731552,91.50869371775798,92.19395511159637,139.40067001483277,122.36068965469791,122.7187677365767,169.1802889037021,126.8331697024327,1.169829530400013,113.06306899766973,116.81634095070598,87.88251821683357,117.45903600960251,135.41737484732533,97.7505166016888,98.83493321069577
2022-12-01,349.126135845761,349.126135845761,123.03624050853685,116.79491552638868,119.80492666062628,91.32074877791028,91.93054285120942,139.76145371716026,122.96231518736417,123.77032633982556,173.07050845091499,128.00520060967864,1.1640328679223144,113.22641724426282,116.9143571073038,87.66392249584291,124.03562017577464,135.6950969064017,97.60900632749616,101.4990108695882
2023-01-01,230.90263381765786,230.90263381765786,106.33174264062168,103.16160069149372,103.2229865968382,91.03285230255089,91.56994713585514,140.0096770968048,124.44608797678352,126.58182168043129,170.21626635293916,128.88068035950928,1.1551143710121639,113.64491158881577,117.50738090585608,87.30420458215019,108.92671281778787,135.88241371394466,97.44152768057782,90.88759972343993
2023-02-01,230.954238280651,230.954238280651,108.54219200642542,111.11115474691604,113.3702902511231,90.76090424192024,91.27042622634681,140.33101439667038,127.00166031746738,129.40251714270013,168.21048380866827,131.4720967288654,1.160108730025874,113.76660695260136,117.60114999873073,86.95459873729484,116.82256854586039,136.14424185767297,97.30756301775524,98.97869686081444
